001,ΑΒΔΗΡΑ,1.0002333,0.0109651,-9.04E-10,1.94E-09,2.54E-10,-0.0110242,1.0003044,-6.36E-12,-1.65E-09,-1.23E-09
002,ΑΓΑΘΟΝΗΣΙΟΝ,0.9990588,0.0313214,-2.04E-09,3.19E-09,5.90E-10,-0.0313018,0.9990295,1.26E-10,1.28E-10,-5.51E-09
003,ΑΓΙΑ ΕΙΡΗΝΗ,0.9985315,-0.0382514,4.36E-09,-4.07E-09,6.43E-10,0.0382206,0.9985286,6.27E-10,2.23E-10,8.66E-09
004,ΑΓΙΑ,1.0002202,-0.0115810,8.77E-10,-1.16E-09,-5.85E-10,0.0115745,1.0002262,-2.23E-10,-1.03E-09,3.21E-09
005,ΑΓΙΟΣ ΚΗΡΥΚΟΣ,0.9998085,0.0209979,-2.21E-09,2.90E-09,-3.69E-10,-0.0209130,0.9998090,-9.19E-10,1.44E-10,-2.66E-09
006,ΑΓΙΑ ΜΑΡΙΝΑ,1.0003495,-0.0057407,6.73E-10,-1.06E-09,5.59E-10,0.0057085,1.0003681,1.56E-10,1.04E-09,2.74E-10
007,AΓ. ΜΑΤΘΑΙΟΣ,0.9979219,-0.0450092,4.36E-09,-4.12E-09,-6.22E-10,0.0450125,0.9979130,3.71E-10,-5.10E-10,8.25E-09
008,ΑΓ.ΝΙΚΟΛΑΟΣ ΒΟΙΩΝ (Β.ΤΜΗΜΑ),1.0002104,-0.0108087,1.32E-09,-1.11E-09,-1.10E-10,0.0108050,1.0002052,1.12E-10,4.03E-11,2.57E-09
008,ΑΓ.ΝΙΚΟΛΑΟΣ ΒΟΙΩΝ (Ν.ΤΜΗΜΑ),1.0001518,-0.0106865,1.00E-09,-1.16E-09,1.29E-09,0.0106837,1.0001551,1.80E-10,1.20E-09,2.78E-09
009,ΑΓ.ΝΙΚΟΛΑΟΣ ΚΡΗΤΗΣ,1.0000770,0.0147578,-7.00E-10,1.06E-09,-2.25E-09,-0.0147595,1.0000816,1.22E-09,-8.80E-10,-1.58E-09
010,ΑΓΙΑ ΠΑΡΑΣΚΕΥΗ,0.9994265,0.0271497,-3.11E-09,2.17E-09,-1.52E-09,-0.0271660,0.9994617,4.81E-10,-5.05E-10,-4.59E-09
011,ΑΓΙΟΣ ΠΕΤΡΟΣ,0.9985131,-0.0386315,3.49E-09,-3.65E-09,1.15E-09,0.0386060,0.9985102,4.95E-10,6.58E-10,7.05E-09
012,ΑΓΙΟΦΥΛΛΟΝ,0.9994047,-0.0282954,3.10E-09,-2.78E-09,-3.94E-11,0.0283035,0.9994125,1.94E-10,4.49E-11,5.53E-09
013,ΑΓΝΑΝΤΑ,0.9989916,-0.0335201,3.30E-09,-3.19E-09,-2.46E-10,0.0335256,0.9989906,3.20E-10,-7.65E-11,6.23E-09
014,ΑΓΡΑΦΑ,0.9994144,-0.0280261,2.59E-09,-3.13E-09,-2.43E-11,0.0280261,0.9994073,6.84E-12,3.08E-10,5.87E-09
015,ΑΓΡΙΝΙΟΝ,0.9994241,-0.0277003,3.25E-09,-2.54E-09,-1.46E-09,0.0277123,0.9993981,1.23E-09,-5.18E-10,4.54E-09
016,ΑΘΕΡΑΣ,0.9984839,-0.0381923,3.72E-09,-3.47E-09,-1.01E-09,0.0382022,0.9984789,3.76E-11,-6.07E-10,7.40E-09
017,ΑΘΗΝΑΙ-ΕΛΕΥΣΙΣ,1.0003268,-0.0057841,-9.79E-11,-4.43E-10,2.22E-10,0.0057907,1.0003234,-1.46E-10,2.93E-10,7.67E-10
018,ΑΘΗΝΑ-ΚΟΡΩΠΙ,1.0003711,-0.0003715,2.60E-10,-3.40E-10,-1.11E-09,0.0003766,1.0003784,1.50E-10,-5.21E-10,2.19E-10
019,ΑΘΗΝΑ-ΠΕΙΡΑΙΑΣ,1.0003310,-0.0057514,7.14E-11,1.13E-10,2.76E-10,0.0057339,1.0003603,5.54E-11,-8.05E-10,8.63E-10
020,ΑΘΩΣ,1.0003782,-0.0004031,1.70E-10,-2.60E-10,-2.71E-10,0.0003897,1.0003900,-1.60E-10,-1.30E-10,2.70E-10
021,ΑΙΓΙΑΛΗ,0.9997836,0.0205587,-2.61E-09,2.03E-09,1.35E-09,-0.0205365,0.9998133,9.46E-11,-2.23E-10,-4.45E-09
022,ΑΙΓΙΟΝ,0.9997651,-0.0219912,2.00E-09,-1.77E-09,6.77E-10,0.0220084,0.9997732,-5.67E-10,4.13E-10,4.53E-09
023,ΑΙΝΟΣ,0.9997851,0.0224041,-1.93E-09,1.92E-09,2.19E-10,-0.0224008,0.9997941,-1.38E-10,-9.18E-11,-3.98E-09
024,ΑΙΣΥΜΗ,0.9997892,0.0226267,-2.19E-09,2.03E-09,-3.26E-10,-0.0226244,0.9997931,1.64E-10,1.40E-10,-4.16E-09
025,ΑΚΡΑ ΠΑΞΙΜΑΔΙ,1.0008736,0.0075116,2.30E-09,4.05E-08,1.67E-08,-0.0055738,0.9972936,-3.43E-09,-4.93E-08,-1.74E-08
026,ΑΛΕΞΑΝΔΡΕΙΑ,0.9999784,-0.0175172,1.03E-09,-1.58E-09,-2.16E-09,0.0174804,0.9999960,6.97E-10,-6.17E-10,1.57E-09
027,ΑΛΕΞΑΝΔΡΟΥΠΟΛΗ,0.9997851,0.0224041,-1.93E-09,1.92E-09,2.19E-10,-0.0224008,0.9997941,-1.38E-10,-9.18E-11,-3.98E-09
028,ΑΛΕΥΡΑΔΑ,0.9993818,-0.0276549,3.94E-09,-3.66E-09,8.95E-10,0.0276733,0.9993691,6.48E-11,5.33E-10,7.83E-09
029,ΑΛΙΒΕΡΙΟΝ,1.0003899,-0.0003647,-5.11E-10,-2.00E-10,-2.40E-10,0.0003659,1.0003534,2.40E-10,5.50E-10,2.60E-10
030,ΑΛΟΝΗΣΟΣ,1.0004295,-0.0003655,8.82E-10,7.70E-10,2.39E-09,0.0004008,1.0004444,2.21E-10,1.73E-09,1.42E-09
031,ΑΛΜΥΡΟΣ,1.0002212,-0.0114449,6.07E-10,-9.42E-10,-5.06E-10,0.0114486,1.0002216,6.77E-10,-3.21E-10,1.70E-09
032,ΑΜΑΛΙΑΣ,0.9993998,-0.0270991,2.86E-09,-2.74E-09,2.41E-11,0.0270967,0.9993977,7.78E-14,-4.68E-11,5.63E-09
033,ΑΜΜΟΥΔΙΑ,0.9984952,-0.0390351,3.67E-09,-3.62E-09,-2.59E-10,0.0390323,0.9984937,2.22E-10,4.95E-11,7.38E-09
034,ΑΜΟΡΓΟΣ,0.9997836,0.0205587,-2.61E-09,2.03E-09,1.35E-09,-0.0205365,0.9998133,9.46E-11,-2.23E-10,-4.45E-09
035,ΑΜΥΓΔΑΛΕΑ,0.9997512,-0.0220164,1.90E-09,-1.69E-09,-6.63E-11,0.0219546,0.9996197,1.02E-09,2.61E-09,5.00E-09
036,ΑΜΦΙΚΛΕΙΑ,1.0000140,-0.0167742,1.00E-09,-2.20E-09,-8.57E-10,0.0167691,1.0000310,4.36E-10,3.15E-10,2.89E-09
037,ΑΜΦΙΛΟΧΙΑ,0.9989910,-0.0331489,3.30E-09,-3.21E-09,-1.27E-10,0.0331569,0.9989830,1.94E-10,-3.21E-10,6.45E-09
038,ΑΜΦΙΣΣΑ,1.0000378,-0.0167799,6.02E-10,-1.99E-09,3.56E-10,0.0167758,1.0000358,9.48E-10,-2.01E-10,2.21E-09
039,ΑΝΑΤΟΛΙΚΗ ΥΔΡΑ,1.0003401,-0.0056646,-7.28E-11,-8.47E-10,-4.68E-10,0.0056611,1.0003475,1.84E-11,-1.74E-10,1.55E-09
040,ΑΝΔΡΟΣ,1.0002524,0.0103251,-1.16E-09,9.59E-10,-1.56E-10,-0.0103284,1.0002550,-3.63E-11,-7.17E-11,-2.11E-09
041,ΑΝΤΑΡΤΙΚΟΝ,0.9989939,-0.0345822,3.26E-09,-3.14E-09,-2.38E-10,0.0345590,0.9989983,6.87E-10,1.65E-11,5.90E-09
042,ΑΝΤΙΚΥΘΗΡΑ,1.0003309,-0.0054364,2.16E-10,-6.35E-10,-8.47E-11,0.0054336,1.0003419,6.37E-10,8.62E-10,2.83E-09
043,ΑΝΤΙΣΚΑΡΙΟΝ,1.0002822,0.0096971,-9.19E-10,1.12E-09,-2.19E-10,-0.0096961,1.0002858,2.78E-11,1.20E-10,-1.95E-09
044,ΑΝΩ ΒΙΑΝΝΟΣ,1.0000633,0.0148111,-9.21E-10,1.71E-09,-1.80E-09,-0.0147887,1.0000647,9.83E-10,-9.24E-10,-2.55E-09
045,ΑΝΩΓΕΙΑ,1.0002671,0.0096741,-9.73E-11,7.58E-10,-1.31E-09,-0.0096784,1.0002421,3.05E-11,-6.91E-12,-9.78E-10
046,ΑΡΑΧΩΒΑ,1.0000889,-0.0165695,-2.73E-10,-1.84E-09,-3.33E-10,0.0166250,1.0000273,-6.84E-10,-2.12E-10,2.48E-09
047,ΑΡΓΑΛΙΑΣΤΗ,1.0002412,-0.0114609,-5.44E-10,-1.11E-09,-9.76E-10,0.0114140,1.0002161,1.08E-09,-7.96E-10,1.66E-10
048,ΑΡΓΟΣ,1.0000023,-0.0163595,1.94E-09,-3.79E-10,-2.26E-10,0.0164002,1.0000527,3.83E-10,1.30E-09,3.09E-09
049,ΑΡΓΟΣ ΟΡΕΣΤΙΚΟΝ,0.9994199,-0.0285806,2.51E-09,-2.71E-09,-2.04E-10,0.0285905,0.9993995,-2.42E-10,4.66E-11,5.46E-09
050,ΑΡΓΟΣΤΟΛΙ,0.9984839,-0.0381923,3.72E-09,-3.47E-09,-1.01E-09,0.0382022,0.9984789,3.76E-11,-6.07E-10,7.40E-09
051,ΑΡΕΟΠΟΛΙΣ,1.0000093,-0.0160346,2.71E-09,-1.94E-09,5.15E-10,0.0160330,1.0000057,-1.20E-10,2.42E-10,4.20E-09
052,ΑΡΝΑΙΑ,1.0003435,-0.0060371,2.51E-10,-4.40E-10,1.63E-11,0.0060361,1.0003471,-5.32E-11,-1.08E-10,8.91E-10
053,ΑΡΝΙΣΣΑ,0.9997654,-0.0231881,2.01E-09,-2.01E-09,6.65E-11,0.0231879,0.9997703,2.41E-11,9.59E-11,4.22E-09
054,ΑΡΤΑ,0.9989916,-0.0335201,3.30E-09,-3.19E-09,-2.46E-10,0.0335256,0.9989906,3.20E-10,-7.65E-11,6.23E-09
055,ΑΡΧΑΓΓΕΛΟΣ,0.9979777,0.0408903,-4.48E-09,4.31E-09,3.51E-10,-0.0408900,0.9979718,3.13E-11,-1.64E-10,-8.73E-09
056,ΑΣΤΑΚΟΣ,0.9989910,-0.0331489,3.30E-09,-3.21E-09,-1.27E-10,0.0331569,0.9989830,1.94E-10,-3.21E-10,6.45E-09
057,ΑΣΤΡΟΣ,1.0000132,-0.0162134,1.95E-09,-1.72E-09,-5.59E-11,0.0162229,1.0000187,2.85E-11,1.05E-10,3.51E-09
058,ΑΣΤΥΠΑΛΑΙΑ,0.9994941,0.0257204,-3.12E-09,2.19E-09,1.12E-09,-0.0257182,0.9994422,5.00E-11,-9.86E-10,-4.66E-09
059,ΑΧΕΝΤΡΙΑΣ,1.0003075,0.0091143,-4.73E-09,-7.80E-09,-1.44E-09,-0.0097790,1.0007446,-1.21E-09,6.63E-09,-5.80E-09
060,ΑΧΛΑΔΟΧΩΡΙΟΝ,1.0003496,-0.0061480,6.87E-10,-1.10E-09,-5.82E-10,0.0061565,1.0003422,1.24E-10,-3.56E-10,1.51E-09
061,ΒΑΓΙΑ,1.0002106,-0.0111793,1.38E-09,-1.26E-09,-6.98E-11,0.0111711,1.0002170,-4.39E-11,-1.95E-10,2.75E-09
062,ΒΑΡΘΟΛΟΜΙΟΝ,0.9988698,-0.0323341,6.11E-09,-6.39E-09,-1.17E-09,0.0324568,0.9988240,-2.24E-09,1.22E-09,1.23E-08
063,ΒΑΣΙΛΙΚΑ,1.0002164,-0.0116757,9.30E-10,-1.09E-09,4.28E-10,0.0116785,1.0002118,-2.64E-10,3.32E-10,2.17E-09
064,ΒΑΣΙΛΙΚΟΝ,0.9984757,-0.0398541,3.49E-09,-3.47E-09,-7.37E-10,0.0398585,0.9984997,3.10E-10,2.50E-10,7.28E-09
065,ΒΑΤΟΛΑΚΚΟΣ,1.0003968,-0.0003669,-1.30E-10,-2.41E-10,8.51E-10,0.0003716,1.0004113,-5.91E-10,9.01E-11,-8.93E-11
066,ΒΕΛΒΕΝΤΟΣ,0.9997625,-0.0229574,2.16E-09,-2.04E-09,-2.10E-10,0.0229511,0.9997639,-1.93E-10,-2.34E-10,4.22E-09
067,ΒΕΛΕΣΤΙΝΟΝ,1.0000335,-0.0169586,1.72E-09,-1.70E-09,-2.51E-12,0.0169570,1.0000277,-2.54E-10,1.94E-10,3.37E-09
068,ΒΕΡΟΙΑ,0.9997654,-0.0231881,2.01E-09,-2.01E-09,6.65E-11,0.0231879,0.9997703,2.41E-11,9.59E-11,4.22E-09
069,ΒΕΥΗ,0.9994128,-0.0288848,2.58E-09,-2.63E-09,-4.00E-10,0.0288825,0.9994154,-4.67E-11,-2.47E-11,5.15E-09
070,ΒΙΤΟΛΙΣΤΕ,0.9997866,-0.0234043,1.49E-09,-1.52E-09,3.93E-10,0.0234279,0.9998167,-8.18E-10,1.24E-09,4.24E-09
071,ΒΟΛΙΜΑΙ,0.9985243,-0.0377305,3.08E-09,-3.99E-09,-2.00E-09,0.0377511,0.9984821,6.53E-10,9.07E-11,7.53E-09
072,ΒΟΛΙΣΣΟΣ,0.9997948,0.0214294,-1.90E-09,1.92E-09,-5.83E-10,-0.0214184,0.9997827,1.69E-10,-5.00E-10,-3.65E-09
073,ΒΟΛΟΣ,1.0002212,-0.0114449,6.07E-10,-9.42E-10,-5.06E-10,0.0114486,1.0002216,6.77E-10,-3.21E-10,1.70E-09
074,ΒΟΝΙΤΣΑ,0.9989910,-0.0331489,3.30E-09,-3.21E-09,-1.27E-10,0.0331569,0.9989830,1.94E-10,-3.21E-10,6.45E-09
075,ΒΡΥΣΑΙ,1.0003968,-0.0003669,-1.30E-10,-2.41E-10,8.51E-10,0.0003716,1.0004113,-5.91E-10,9.01E-11,-8.93E-11
076,ΒΥΡΣΙΝΗ,0.9997892,0.0226267,-2.19E-09,2.03E-09,-3.26E-10,-0.0226244,0.9997931,1.64E-10,1.40E-10,-4.16E-09
077,ΓΑΥΡΙΟΝ(ΒΟΡ.ΤΜΗΜΑ),1.0008736,0.0075116,2.30E-09,4.05E-08,1.67E-08,-0.0055738,0.9972936,-3.43E-09,-4.93E-08,-1.74E-08
077,ΓΑΥΡΙΟΝ(ΑΝΑΤ.ΤΜΗΜΑ),1.0002524,0.0103251,-1.16E-09,9.59E-10,-1.56E-10,-0.0103284,1.0002550,-3.63E-11,-7.17E-11,-2.11E-09
078,ΓΕΝΝΑΔΙΟΝ,0.9979777,0.0408903,-4.48E-09,4.31E-09,3.51E-10,-0.0408900,0.9979718,3.13E-11,-1.64E-10,-8.73E-09
079,ΓΕΡΟΛΙΜΗΝ,1.0000093,-0.0160346,2.71E-09,-1.94E-09,5.15E-10,0.0160330,1.0000057,-1.20E-10,2.42E-10,4.20E-09
080,ΓΙΑΝΝΙΤΣΑ,1.0000281,-0.0174812,2.58E-09,-2.02E-09,9.56E-10,0.0174487,1.0000299,-1.16E-09,-1.50E-10,4.32E-09
081,ΓΚΟΡΙΤΣΑ,1.0000132,-0.0162134,1.95E-09,-1.72E-09,-5.59E-11,0.0162229,1.0000187,2.85E-11,1.05E-10,3.51E-09
082,ΓΟΝΝΟΙ,1.0000336,-0.0171378,1.43E-09,-1.32E-09,-1.38E-10,0.0171415,1.0000257,-1.52E-10,2.44E-10,3.12E-09
083,ΓΟΥΜΕΡΟΝ,0.9993998,-0.0270991,2.86E-09,-2.74E-09,2.41E-11,0.0270967,0.9993977,7.78E-14,-4.68E-11,5.63E-09
084,ΓΡΑΜΟΣ,0.9989900,-0.0342291,3.26E-09,-3.00E-09,-1.10E-10,0.0342327,0.9989949,2.22E-10,-1.43E-10,6.13E-09
085,ΓΡΕΒΕΝΑ,0.9994122,-0.0285684,2.90E-09,-2.31E-09,-5.17E-10,0.0285912,0.9993961,-3.98E-10,-5.15E-10,5.56E-09
086,ΓΥΘΕΙΟΝ,0.9999263,-0.0209917,1.83E-09,-1.69E-09,1.97E-10,0.0160370,0.9999306,-6.32E-11,-7.92E-11,2.97E-09
087,ΔΑΦΝΗ,0.9997463,-0.0217454,2.20E-09,-2.33E-09,1.64E-10,0.0217518,0.9997481,8.67E-11,2.60E-10,4.56E-09
088,ΔΕΛΒΙΝΑΚΙΟΝ,0.9984907,-0.0394461,3.62E-09,-3.72E-09,-5.56E-10,0.0394432,0.9984886,2.29E-10,-2.13E-10,7.22E-09
089,ΔΕΡΒΕΝΙΟΝ,0.9999969,-0.0166122,1.47E-09,-2.08E-09,-1.16E-09,0.0165621,1.0000191,5.50E-11,1.95E-10,2.44E-09
090,ΔΕΣΚΑΤΗ,0.9997861,-0.0226781,2.55E-09,-3.40E-09,-7.77E-10,0.0227057,0.9997450,-2.49E-11,7.06E-10,5.17E-09
091,ΔΕΣΠΟΤΙΚΟΝ,1.0002587,0.0100937,-9.49E-10,7.36E-10,4.13E-10,-0.0100975,1.0002489,6.23E-10,1.10E-10,-2.29E-09
092,ΔΗΜΗΤΣΑΝΑ,0.9997463,-0.0217454,2.20E-09,-2.33E-09,1.64E-10,0.0217518,0.9997481,8.67E-11,2.60E-10,4.56E-09
093,ΔΙΔΥΜΟΤΕΙΧΟΝ,0.9994480,0.0283769,-2.35E-09,2.48E-09,-1.57E-10,-0.0283796,0.9994483,4.93E-11,-2.33E-10,-5.02E-09
094,ΔΟΛΙΑΝΑ,0.9984907,-0.0394461,3.62E-09,-3.72E-09,-5.56E-10,0.0394432,0.9984886,2.29E-10,-2.13E-10,7.22E-09
095,ΔΟΜΟΚΟΣ,1.0000279,-0.0169426,9.41E-10,-1.43E-09,9.29E-10,0.0169273,1.0000017,-8.23E-10,4.44E-11,1.89E-09
096,ΔΡΑΜΑ,1.0003911,-0.0004003,-1.99E-11,-1.10E-10,7.99E-11,0.0004030,1.0003909,-1.50E-10,-1.60E-10,1.80E-10
097,ΔΥΤ.ΗΡΑΚΛΕΙΑ,1.0000686,0.0153174,-1.63E-09,1.56E-09,-1.16E-10,-0.0153199,1.0000778,1.29E-11,-3.22E-10,-3.12E-09
098,ΕΔΕΣΣΑ,0.9997654,-0.0231881,2.01E-09,-2.01E-09,6.65E-11,0.0231879,0.9997703,2.41E-11,9.59E-11,4.22E-09
099,ΕΛΑΣΣΩΝ,0.9997802,-0.0227126,1.47E-09,-1.95E-09,-4.87E-10,0.0227151,0.9997725,8.45E-10,8.46E-11,3.10E-09
100,ΕΛΑΤΕΙΑ,1.0002068,-0.0113042,1.47E-09,-1.17E-09,-7.40E-11,0.0113061,1.0001997,-2.29E-10,-3.28E-10,2.15E-09
101,ΕΜΠΩΝΑΣ,0.9979777,0.0408903,-4.48E-09,4.31E-09,3.51E-10,-0.0408900,0.9979718,3.13E-11,-1.64E-10,-8.73E-09
102,ΕΠΑΝΩ ΑΧΑΡΝΑΙ,1.0002940,0.0096977,-2.31E-09,1.30E-09,6.95E-10,-0.0097245,1.0002757,4.69E-10,8.16E-11,-2.67E-09
103,ΕΠΑΝΟΜΗ,1.0002164,-0.0116757,9.30E-10,-1.09E-09,4.28E-10,0.0116785,1.0002118,-2.64E-10,3.32E-10,2.17E-09
104,ΕΡΕΣΟΣ,0.9998104,0.0216615,-2.01E-09,2.39E-09,-2.64E-10,-0.0216597,0.9998109,3.67E-11,-4.97E-12,-4.30E-09
105,ΕΡΜΟΥΠΟΛΙΣ,1.0002666,0.0102163,-1.24E-09,1.23E-09,2.87E-11,-0.0102054,1.0002594,2.54E-10,-3.35E-11,-2.05E-09
106,ΕΡΥΘΡΑΙ,1.0003642,-0.0057655,2.01E-09,-2.68E-10,2.02E-11,0.0058331,1.0003038,1.13E-09,-5.26E-10,2.34E-09
107,ΕΥΖΩΝΟΙ,1.0000375,-0.0176733,9.89E-10,-1.77E-09,-1.17E-10,0.0176534,1.0000497,6.69E-11,3.90E-10,2.80E-09
108,ΕΥΗΝΟΧΩΡΙΟΝ,0.9994186,-0.0273918,1.81E-09,-2.55E-09,-4.87E-10,0.0274043,0.9993946,-4.12E-10,-2.18E-10,5.04E-09
109,ΕΥΞΕΙΝΟΥΠΟΛΙΣ,1.0000335,-0.0169586,1.72E-09,-1.70E-09,-2.51E-12,0.0169570,1.0000277,-2.54E-10,1.94E-10,3.37E-09
110,ΕΧΙΝΑΔΕΣ,0.9989901,-0.0328309,2.99E-09,-3.06E-09,7.81E-10,0.0328266,0.9990071,-8.07E-11,-4.51E-10,5.83E-09
111,ΕΧΙΝΟΣ,1.0002391,0.0111128,-9.80E-10,8.11E-10,-7.45E-13,-0.0111077,1.0002447,1.52E-10,-9.99E-12,-1.89E-09
112,ΖΑΓΚΛΙΒΕΡΙΟΝ,1.0003678,-0.0060961,1.10E-09,-9.07E-10,5.97E-10,0.0061026,1.0003446,-1.74E-10,3.15E-10,1.54E-09
113,ΖΑΓΟΡΑ,1.0002048,-0.0114426,2.09E-09,-8.67E-10,2.28E-10,0.0114534,1.0002507,-5.82E-10,-6.65E-10,2.13E-09
114,ΖΑΚΥΝΘΟΣ,0.9989921,-0.0324402,3.43E-09,-3.33E-09,-2.55E-10,0.0324402,0.9989948,1.87E-10,-1.54E-10,6.93E-09
115,ΗΡΑΚΛΕΙΟΝ,1.0002940,0.0096977,-2.31E-09,1.30E-09,6.95E-10,-0.0097245,1.0002757,4.69E-10,8.16E-11,-2.67E-09
116,ΘΕΡΜΗ,1.0002277,-0.0117965,1.06E-09,-1.05E-09,-5.39E-11,0.0117898,1.0002225,-1.04E-10,1.04E-10,2.05E-09
117,ΘΕΡΜΟΝ,0.9994378,-0.0276674,5.94E-10,-1.83E-09,-3.13E-09,0.0276345,0.9994022,2.31E-09,-1.65E-09,3.19E-09
118,ΘΕΣΣΑΛΟΝΙΚΗ,1.0002277,-0.0117965,1.06E-09,-1.05E-09,-5.39E-11,0.0117898,1.0002225,-1.04E-10,1.04E-10,2.05E-09
119,ΘΗΒΑΙ,1.0003268,-0.0057841,-9.79E-11,-4.43E-10,2.22E-10,0.0057907,1.0003234,-1.46E-10,2.93E-10,7.67E-10
120,ΙΑΣΜΟΣ,1.0002391,0.0111128,-9.80E-10,8.11E-10,-7.45E-13,-0.0111077,1.0002447,1.52E-10,-9.99E-12,-1.89E-09
121,ΙΕΡΑΠΕΤΡΑ,1.0000770,0.0147578,-7.00E-10,1.06E-09,-2.25E-09,-0.0147595,1.0000816,1.22E-09,-8.80E-10,-1.58E-09
122,ΙΕΡΙΣΣΟΣ,1.0003782,-0.0004031,1.70E-10,-2.60E-10,-2.71E-10,0.0003897,1.0003900,-1.60E-10,-1.30E-10,2.70E-10
123,ΙΘΑΚΗ,0.9984839,-0.0381923,3.72E-09,-3.47E-09,-1.01E-09,0.0382022,0.9984789,3.76E-11,-6.07E-10,7.40E-09
124,ΙΟΣ,1.0000686,0.0153174,-1.63E-09,1.56E-09,-1.16E-10,-0.0153199,1.0000778,1.29E-11,-3.22E-10,-3.12E-09
125,ΙΣΤΙΑΙΑ,1.0002400,-0.0112406,8.51E-10,-2.67E-09,-1.65E-10,0.0112919,1.0002346,7.96E-10,1.25E-10,1.34E-09
126,ΙΤΕΑ,1.0000090,-0.0166009,2.33E-09,-1.39E-09,4.50E-10,0.0165987,1.0000125,7.35E-10,-3.95E-11,4.00E-09
127,ΙΩΑΝΝΙΝΑ,0.9989885,-0.0338704,3.41E-09,-3.18E-09,-1.80E-10,0.0338788,0.9989872,-1.08E-11,-8.15E-11,6.59E-09
128,ΚΑΒΑΛΑ,1.0003541,0.0053016,-3.90E-10,4.36E-10,-3.06E-10,-0.0052927,1.0003587,-2.11E-10,-4.70E-10,-1.39E-09
129,ΚΑΛΑΜΑΙ,0.9997391,-0.0215031,2.10E-09,-2.27E-09,1.78E-10,0.0215014,0.9997462,-6.05E-11,9.68E-11,4.40E-09
130,ΚΑΛΑΜΟΣ,0.9990002,-0.0331571,4.87E-09,-3.05E-09,-7.91E-10,0.0331932,0.9990027,-7.11E-10,-2.71E-11,8.92E-09
131,ΚΑΛΑΜΙΤΣΙΟΝ,1.0003782,-0.0004031,1.70E-10,-2.60E-10,-2.71E-10,0.0003897,1.0003900,-1.60E-10,-1.30E-10,2.70E-10
132,ΚΑΛΑΜΠΑΚΑ,0.9994047,-0.0282954,3.10E-09,-2.78E-09,-3.94E-11,0.0283035,0.9994125,1.94E-10,4.49E-11,5.53E-09
133,ΚΑΛΑΝΔΡΑ,1.0003435,-0.0060371,2.51E-10,-4.40E-10,1.63E-11,0.0060361,1.0003471,-5.32E-11,-1.08E-10,8.91E-10
134,ΚΑΛΥΜΝΟΣ,0.9990201,0.0309451,-2.79E-09,3.11E-09,-4.38E-10,-0.0309370,0.9990373,2.38E-10,-2.85E-11,-6.83E-09
135,ΚΑΝΑΛΛΑΚΙΟΝ,0.9984952,-0.0390351,3.67E-09,-3.62E-09,-2.59E-10,0.0390323,0.9984937,2.22E-10,4.95E-11,7.38E-09
136,ΚΑΝΔΗΛΑ,1.0000141,-0.0164021,1.54E-09,-2.00E-09,1.99E-10,0.0164083,1.0000077,-1.50E-10,2.72E-10,3.37E-09
137,ΚΑΠΑΡΕΛΛΙΟΝ,1.0002724,-0.0111769,-7.16E-11,2.71E-10,1.04E-09,0.0111511,1.0003003,2.57E-10,7.26E-10,-2.00E-09
138,ΚΑΡΔΑΜΥΛΗ,0.9997264,-0.0212587,1.67E-09,-2.23E-09,1.92E-10,0.0212534,0.9997342,-1.73E-10,2.91E-10,4.34E-09
139,ΚΑΡΔΑΜΟΣ,1.0000418,0.0168703,-1.76E-09,1.34E-09,-4.49E-10,-0.0168781,1.0000529,1.94E-10,-1.65E-11,-3.18E-09
140,ΚΑΡΔΙΤΣΑ,0.9997465,-0.0224760,2.08E-09,-1.24E-09,1.57E-09,0.0225150,0.9997209,-4.74E-10,2.53E-10,2.22E-09
141,ΚΑΡΙΤΣΑ,1.0002202,-0.0115810,8.77E-10,-1.16E-09,-5.85E-10,0.0115745,1.0002262,-2.23E-10,-1.03E-09,3.21E-09
142,ΚΑΡΚΙΝΑΓΡΙΟΝ,0.9998085,0.0209979,-2.21E-09,2.90E-09,-3.69E-10,-0.0209130,0.9998090,-9.19E-10,1.44E-10,-2.66E-09
143,ΚΑΡΟΥΣΑΔΕΣ,0.9979219,-0.0450092,4.36E-09,-4.12E-09,-6.22E-10,0.0450125,0.9979130,3.71E-10,-5.10E-10,8.25E-09
144,ΚΑΡΠΑΘΟΣ,0.9991043,0.0301949,-5.12E-09,3.57E-09,4.48E-10,-0.0302059,0.9990722,3.21E-10,4.45E-10,-7.85E-09
145,ΚΑΡΠΕΝΗΣΙΟΝ,0.9997590,-0.0222368,2.97E-09,-1.99E-09,1.62E-10,0.0222401,0.9997341,-4.69E-11,-5.61E-10,4.36E-09
146,ΚΑΡΥΑΙ,1.0003782,-0.0004031,1.70E-10,-2.60E-10,-2.71E-10,0.0003897,1.0003900,-1.60E-10,-1.30E-10,2.70E-10
147,ΚΑΡΥΣΤΟΣ,1.0003368,0.0050120,-5.30E-10,-7.38E-11,-7.91E-11,-0.0050292,1.0003121,7.72E-11,-6.75E-10,-8.83E-10
148,ΚΑΣΣΑΝΔΡΕΙΑ,1.0003435,-0.0060371,2.51E-10,-4.40E-10,1.63E-11,0.0060361,1.0003471,-5.32E-11,-1.08E-10,8.91E-10
149,ΚΑΣΤΑΝΕΑ,0.9994047,-0.0282954,3.10E-09,-2.78E-09,-3.94E-11,0.0283035,0.9994125,1.94E-10,4.49E-11,5.53E-09
150,ΚΑΣΤΑΝΟΥΣΣΑ,1.0002218,-0.0119088,1.45E-09,-8.52E-10,-3.08E-10,0.0119073,1.0002274,2.20E-10,3.87E-10,1.93E-09
151,ΚΑΣΤΕΛΛΙΟΝ(ΚΙΣΣΑΜΟΣ),1.0003479,-0.0054300,9.40E-10,-7.00E-10,-6.54E-11,0.0054297,1.0003565,8.27E-11,-6.14E-11,1.39E-09
152,ΚΑΣΤΟΡΙΑ,0.9994128,-0.0288848,2.58E-09,-2.63E-09,-4.00E-10,0.0288825,0.9994154,-4.67E-11,-2.47E-11,5.15E-09
153,ΚΑΤΕΡΙΝΗ,1.0000228,-0.0173184,1.05E-09,-1.81E-09,2.09E-10,0.0173133,1.0000334,-2.95E-11,-3.14E-10,3.03E-09
154,ΚΑΤΩ ΝΕΥΡΟΚΟΠΙΟΝ,1.0003911,-0.0004003,-1.99E-11,-1.10E-10,7.99E-11,0.0004030,1.0003909,-1.50E-10,-1.60E-10,1.80E-10
155,ΚΑΤΩ ΧΩΡΙΟΝ,0.9998331,0.0197941,-2.40E-09,2.17E-09,-4.82E-10,-0.0197804,0.9998311,-2.13E-11,-4.04E-10,-4.60E-09
156,ΚΑΤΩ ΦΙΓΑΛΕΙΑ,0.9997391,-0.0215031,2.10E-09,-2.27E-09,1.78E-10,0.0215014,0.9997462,-6.05E-11,9.68E-11,4.40E-09
157,ΚΕΡΚΙΝΗ,1.0002218,-0.0119088,1.45E-09,-8.52E-10,-3.08E-10,0.0119073,1.0002274,2.20E-10,3.87E-10,1.93E-09
158,ΚΕΡΚΥΡΑ,0.9979219,-0.0450092,4.36E-09,-4.12E-09,-6.22E-10,0.0450125,0.9979130,3.71E-10,-5.10E-10,8.25E-09
159,ΚΕΡΤΕΖΗ,0.9997463,-0.0217454,2.20E-09,-2.33E-09,1.64E-10,0.0217518,0.9997481,8.67E-11,2.60E-10,4.56E-09
160,ΚΕΦΑΛΟΣ,0.9990201,0.0309451,-2.79E-09,3.11E-09,-4.38E-10,-0.0309370,0.9990373,2.38E-10,-2.85E-11,-6.83E-09
161,ΚΗΦΙΣΙΑ,1.0003639,-0.0003090,-6.60E-10,1.05E-09,1.79E-09,0.0003025,1.0003585,-1.25E-09,8.02E-10,-2.43E-09
162,ΚΙΛΚΙΣ,1.0002277,-0.0117965,1.06E-09,-1.05E-09,-5.39E-11,0.0117898,1.0002225,-1.04E-10,1.04E-10,2.05E-09
163,ΚΙΜΩΛΟΣ,1.0003686,0.0048736,-6.39E-10,6.48E-10,-3.08E-10,-0.0048715,1.0003668,-3.20E-11,-1.98E-10,-1.02E-09
164,ΚΛΕΠΑ,0.9997590,-0.0222368,2.97E-09,-1.99E-09,1.62E-10,0.0222401,0.9997341,-4.69E-11,-5.61E-10,4.36E-09
165,ΚΛΗΜΑΤΙΑ,0.9984907,-0.0394461,3.62E-09,-3.72E-09,-5.56E-10,0.0394432,0.9984886,2.29E-10,-2.13E-10,7.22E-09
166,ΚΝΙΔΗ,0.9993987,-0.0285601,2.76E-09,-2.38E-09,-8.91E-10,0.0286096,0.9993956,9.52E-11,-3.64E-10,5.42E-09
167,ΚΟΖΑΝΗ,0.9997625,-0.0229574,2.16E-09,-2.04E-09,-2.10E-10,0.0229511,0.9997639,-1.93E-10,-2.34E-10,4.22E-09
168,ΚΟΛΙΝΔΡΟΣ,1.0000228,-0.0173184,1.05E-09,-1.81E-09,2.09E-10,0.0173133,1.0000334,-2.95E-11,-3.14E-10,3.03E-09
169,ΚΟΛΛΙΝΑΙ,1.0000132,-0.0162134,1.95E-09,-1.72E-09,-5.59E-11,0.0162229,1.0000187,2.85E-11,1.05E-10,3.51E-09
170,ΚΟΜΟΤΗΝΗ,1.0000418,0.0168703,-1.76E-09,1.34E-09,-4.49E-10,-0.0168781,1.0000529,1.94E-10,-1.65E-11,-3.18E-09
171,ΚΟΝΙΤΣΑ,0.9989900,-0.0342291,3.26E-09,-3.00E-09,-1.10E-10,0.0342327,0.9989949,2.22E-10,-1.43E-10,6.13E-09
172,ΚΟΝΤΑΡΙΩΤΙΣΣΑ,1.0000228,-0.0173184,1.05E-09,-1.81E-09,2.09E-10,0.0173133,1.0000334,-2.95E-11,-3.14E-10,3.03E-09
173,ΚΟΡΙΝΘΟΣ,1.0002116,-0.0110296,1.71E-09,-1.65E-09,4.15E-10,0.0110488,1.0001993,-1.00E-10,7.01E-10,2.82E-09
174,ΚΟΡΥΤΣΑ,0.9989939,-0.0345822,3.26E-09,-3.14E-09,-2.38E-10,0.0345590,0.9989983,6.87E-10,1.65E-11,5.90E-09
175,ΚΟΡΩΝΗ,0.9997264,-0.0212587,1.67E-09,-2.23E-09,1.92E-10,0.0212534,0.9997342,-1.73E-10,2.91E-10,4.34E-09
176,ΚΟΥΦΑΛΙΑ,1.0000260,-0.0174880,1.67E-09,-1.78E-09,2.41E-10,0.0174813,1.0000195,-5.13E-10,2.60E-10,3.95E-09
177,ΚΡΗΝΙΔΕΣ,1.0003319,0.0053741,-2.03E-10,7.62E-10,-5.86E-10,-0.0053649,1.0003699,6.97E-10,7.92E-10,-9.49E-10
178,ΚΥΘΗΡΑ,1.0001518,-0.0106865,1.00E-09,-1.16E-09,1.29E-09,0.0106837,1.0001551,1.80E-10,1.20E-09,2.78E-09
179,ΚΥΜΗ,1.0003494,-0.0003832,1.40E-10,5.03E-11,-3.00E-10,0.0003815,1.0003419,-9.99E-12,-3.10E-10,-9.04E-11
180,ΚΥΠΑΡΙΣΣΙΑ,0.9994236,-0.0267920,1.93E-09,-2.85E-09,-1.98E-11,0.0267924,0.9993975,-3.05E-10,-2.10E-10,5.36E-09
181,ΚΥΡΑ ΠΑΝΑΓΙΑ,1.0003811,-0.0003922,7.28E-11,-2.24E-09,6.52E-09,0.0003879,1.0004387,-4.91E-10,7.40E-10,-7.27E-10
182,ΚΩΣ,0.9990201,0.0309451,-2.79E-09,3.11E-09,-4.38E-10,-0.0309370,0.9990373,2.38E-10,-2.85E-11,-6.83E-09
183,ΛΑΜΙΑ,1.0000689,-0.0168183,1.59E-09,-4.75E-10,-2.95E-09,0.0167187,1.0000295,-2.84E-09,-1.08E-09,5.24E-09
184,ΛΑΡΙΣΑ,1.0000336,-0.0171378,1.43E-09,-1.32E-09,-1.38E-10,0.0171415,1.0000257,-1.52E-10,2.44E-10,3.12E-09
185,ΛΑΡΥΜΝΑ,1.0003467,-0.0058420,6.52E-10,-5.94E-10,-1.35E-11,0.0058464,1.0003513,-2.27E-10,4.98E-10,1.54E-09
186,ΛΑΥΡΙΟΝ,1.0003711,-0.0003715,2.60E-10,-3.40E-10,-1.11E-09,0.0003766,1.0003784,1.50E-10,-5.21E-10,2.19E-10
187,ΛΑΧΑΝΑΣ,1.0002277,-0.0117965,1.06E-09,-1.05E-09,-5.39E-11,0.0117898,1.0002225,-1.04E-10,1.04E-10,2.05E-09
188,ΛΕΒΑΔΕΙΑ,1.0002106,-0.0111793,1.38E-09,-1.26E-09,-6.98E-11,0.0111711,1.0002170,-4.39E-11,-1.95E-10,2.75E-09
189,ΛΕΚΑΝΗ,1.0003319,0.0053741,-2.03E-10,7.62E-10,-5.86E-10,-0.0053649,1.0003699,6.97E-10,7.92E-10,-9.49E-10
190,ΛΕΟΝΤΑΡΙΟΝ,0.9998058,-0.0224885,8.00E-10,-2.80E-09,-1.05E-09,0.0224937,0.9997090,5.10E-10,-8.55E-10,4.91E-09
191,ΛΕΡΟΣ,0.9990588,0.0313214,-2.04E-09,3.19E-09,5.90E-10,-0.0313018,0.9990295,1.26E-10,1.28E-10,-5.51E-09
192,ΛΕΥΚΑΣ,0.9985445,-0.0385535,3.19E-09,-4.03E-09,-2.51E-09,0.0386994,0.9985477,-2.04E-09,-2.09E-09,6.61E-09
193,ΛΕΥΚΙΜΗ,0.9979219,-0.0450092,4.36E-09,-4.12E-09,-6.22E-10,0.0450125,0.9979130,3.71E-10,-5.10E-10,8.25E-09
194,ΛΕΩΝΙΔΙΟΝ,1.0002274,-0.0109291,1.05E-09,-1.62E-09,4.47E-10,0.0109332,1.0002164,1.47E-10,5.69E-11,2.34E-09
195,ΛΙΑΠΑΔΕΣ,0.9979219,-0.0450092,4.36E-09,-4.12E-09,-6.22E-10,0.0450125,0.9979130,3.71E-10,-5.10E-10,8.25E-09
196,ΛΙΒΑΔΕΡΟΝ,0.9997625,-0.0229574,2.16E-09,-2.04E-09,-2.10E-10,0.0229511,0.9997639,-1.93E-10,-2.34E-10,4.22E-09
197,ΛΙΒΑΔΙΟΝ,0.9997625,-0.0229574,2.16E-09,-2.04E-09,-2.10E-10,0.0229511,0.9997639,-1.93E-10,-2.34E-10,4.22E-09
198,ΛΙΒΑΝΑΤΑΙ,1.0002068,-0.0113042,1.47E-09,-1.17E-09,-7.40E-11,0.0113061,1.0001997,-2.29E-10,-3.28E-10,2.15E-09
199,ΛΙΔΟΡΙΚΙΟΝ,0.9997371,-0.0222546,2.76E-09,-2.13E-09,5.11E-11,0.0222212,0.9997780,5.23E-10,8.42E-10,4.12E-09
200,ΛΙΜΝΗ,1.0003467,-0.0058420,6.52E-10,-5.94E-10,-1.35E-11,0.0058464,1.0003513,-2.27E-10,4.98E-10,1.54E-09
201,ΛΙΤΟΧΩΡΟΝ,1.0000228,-0.0173184,1.05E-09,-1.81E-09,2.09E-10,0.0173133,1.0000334,-2.95E-11,-3.14E-10,3.03E-09
202,ΛΟΥΤΡΑ ΕΛΕΥΘΕΡΩΝ,1.0003766,-0.0004062,4.02E-11,1.10E-10,3.00E-10,0.0003990,1.0003892,2.00E-11,-4.20E-10,-7.03E-11
203,ΛΥΓΟΥΡΙΟΝ,1.0001970,-0.0110673,8.91E-10,-1.61E-09,-2.05E-09,0.0110760,1.0001889,6.73E-10,-9.91E-10,3.78E-09
204,ΜΑΡΩΝΕΙΑ,1.0000515,0.0167138,-1.82E-09,1.18E-09,-6.84E-11,-0.0166890,1.0000650,3.82E-11,-4.28E-10,-3.46E-09
205,ΜΑΥΡΟΒΟΥΝΙΟΝ,1.0000093,-0.0160346,2.71E-09,-1.94E-09,5.15E-10,0.0160330,1.0000057,-1.20E-10,2.42E-10,4.20E-09
206,ΜΕΓΑ ΔΕΡΕΙΟΝ,0.9997892,0.0226267,-2.19E-09,2.03E-09,-3.26E-10,-0.0226244,0.9997931,1.64E-10,1.40E-10,-4.16E-09
207,ΜΕΓΑΛΟΠΟΛΙΣ,0.9997391,-0.0215031,2.10E-09,-2.27E-09,1.78E-10,0.0215014,0.9997462,-6.05E-11,9.68E-11,4.40E-09
208,ΜΕΓΑΡΑ,1.0003310,-0.0057514,7.14E-11,1.13E-10,2.76E-10,0.0057339,1.0003603,5.54E-11,-8.05E-10,8.63E-10
209,ΜΕΔΟΥΣΑ,1.0002391,0.0111128,-9.80E-10,8.11E-10,-7.45E-13,-0.0111077,1.0002447,1.52E-10,-9.99E-12,-1.89E-09
210,ΜΕΘΑΝΑ,1.0003495,-0.0057407,6.73E-10,-1.06E-09,5.59E-10,0.0057085,1.0003681,1.56E-10,1.04E-09,2.74E-10
211,ΜΕΛΑΜΠΕΣ,1.0003942,0.0047126,-2.99E-09,1.85E-09,-4.98E-11,-0.0046651,1.0003773,-3.82E-10,4.67E-10,-3.07E-09
212,ΜΕΛΙΓΑΛΑΣ,0.9997425,-0.0214649,1.63E-09,-1.07E-09,-9.30E-11,0.0214847,0.9997388,-4.48E-10,-6.20E-10,4.52E-09
213,ΜΕΣΗ,1.0002333,0.0109651,-9.04E-10,1.94E-09,2.54E-10,-0.0110242,1.0003044,-6.36E-12,-1.65E-09,-1.23E-09
214,ΜΕΣΟΛΟΓΓΙΟΝ,0.9994468,-0.0273559,4.22E-09,-4.24E-09,4.96E-10,0.0273996,0.9994564,-6.34E-11,-1.31E-09,6.23E-09
215,ΜΕΣΟΠΟΤΑΜΙΑ,0.9989939,-0.0345822,3.26E-09,-3.14E-09,-2.38E-10,0.0345590,0.9989983,6.87E-10,1.65E-11,5.90E-09
216,ΜΕΣΟΧΩΡΙΟΝ,1.0003574,0.0053920,7.47E-10,-7.68E-10,1.95E-09,-0.0053859,1.0003748,-5.55E-10,3.95E-10,5.95E-11
217,ΜΕΣΤΑ,0.9998097,0.0212059,-1.95E-09,2.13E-09,-2.08E-10,-0.0212070,0.9998084,1.76E-10,1.98E-11,-4.01E-09
218,ΜΕΤΑΞΑΔΕΣ,0.9997976,0.0226170,-3.89E-09,3.80E-09,-1.22E-10,-0.0226165,0.9998048,-3.77E-11,-4.40E-10,-7.71E-09
219,ΜΕΤΣΟΒΟΝ,0.9989885,-0.0338704,3.41E-09,-3.18E-09,-1.80E-10,0.0338788,0.9989872,-1.08E-11,-8.15E-11,6.59E-09
220,ΜΥΘΗΜΝΑ,0.9998104,0.0216615,-2.01E-09,2.39E-09,-2.64E-10,-0.0216597,0.9998109,3.67E-11,-4.97E-12,-4.30E-09
221,ΜΗΛΟΣ,1.0003686,0.0048736,-6.39E-10,6.48E-10,-3.08E-10,-0.0048715,1.0003668,-3.20E-11,-1.98E-10,-1.02E-09
222,ΜΟΛΑΟΙ,1.0002104,-0.0108087,1.32E-09,-1.11E-09,-1.10E-10,0.0108050,1.0002052,1.12E-10,4.03E-11,2.57E-09
223,ΜΟΥΔΡΟΣ,1.0000777,0.0162539,-1.56E-09,1.47E-09,1.48E-10,-0.0162840,1.0000743,-8.01E-10,2.62E-10,-2.13E-09
224,ΜΟΥΖΑΚΙΟΝ,0.9994094,-0.0280090,2.74E-09,-2.36E-09,-8.03E-11,0.0280050,0.9994133,2.06E-11,-4.30E-10,5.48E-09
225,ΜΟΧΟΣ,1.0000770,0.0147578,-7.00E-10,1.06E-09,-2.25E-09,-0.0147595,1.0000816,1.22E-09,-8.80E-10,-1.58E-09
226,ΜΠΟΡΟΒΑ,0.9989900,-0.0342291,3.26E-09,-3.00E-09,-1.10E-10,0.0342327,0.9989949,2.22E-10,-1.43E-10,6.13E-09
227,ΜΥΚΟΝΟΣ,1.0000715,0.0154964,-1.54E-09,1.60E-09,6.44E-11,-0.0154957,1.0000679,-7.90E-12,-3.31E-11,-3.12E-09
228,ΜΥΡΙΝΑ,1.0002427,0.0106247,-6.96E-10,2.08E-09,3.06E-11,-0.0106597,1.0002701,5.08E-10,-4.24E-11,-2.84E-09
229,ΜΥΡΟΦΥΛΛΟΝ,0.9994094,-0.0280090,2.74E-09,-2.36E-09,-8.03E-11,0.0280050,0.9994133,2.06E-11,-4.30E-10,5.48E-09
230,ΜΥΤΙΚΑΣ,1.0000418,0.0168703,-1.76E-09,1.34E-09,-4.49E-10,-0.0168781,1.0000529,1.94E-10,-1.65E-11,-3.18E-09
231,ΜΥΤΙΛΗΝΗ,0.9994265,0.0271497,-3.11E-09,2.17E-09,-1.52E-09,-0.0271660,0.9994617,4.81E-10,-5.05E-10,-4.59E-09
232,ΝΑΞΟΣ,1.0000715,0.0154964,-1.54E-09,1.60E-09,6.44E-11,-0.0154957,1.0000679,-7.90E-12,-3.31E-11,-3.12E-09
233,ΝΑΥΠΑΚΤΟΣ,0.9997835,-0.0219503,2.87E-09,-2.51E-09,1.53E-10,0.0219714,0.9996586,-1.00E-09,2.60E-09,3.86E-09
234,ΝΑΥΠΛΙΟΝ,1.0002304,-0.0110396,1.20E-09,-4.33E-10,4.42E-10,0.0110711,1.0002280,-5.65E-10,6.33E-10,2.96E-09
235,ΝΕΑ ΜΑΝΟΛΑΣ,0.9991523,-0.0374192,4.63E-09,-3.54E-09,-3.37E-10,0.0274247,0.9991481,3.20E-10,2.67E-10,6.30E-09
236,ΝΕΑ ΨΑΡΑ(ΕΡΕΤΡΕΙΑ),1.0003405,-0.0003691,-6.40E-10,3.99E-11,3.81E-10,0.0003778,1.0003692,-1.00E-10,1.20E-10,2.51E-10
237,ΝΕΑΠΟΛΙΣ,1.0002104,-0.0108087,1.32E-09,-1.11E-09,-1.10E-10,0.0108050,1.0002052,1.12E-10,4.03E-11,2.57E-09
238,ΝΕΜΕΑ,1.0000141,-0.0164021,1.54E-09,-2.00E-09,1.99E-10,0.0164083,1.0000077,-1.50E-10,2.72E-10,3.37E-09
239,ΝΕΟΝ ΚΑΡΛΟΒΑΣΙΟΝ,0.9994079,0.0263371,-1.04E-09,2.14E-09,-1.40E-10,-0.0263079,0.9994155,-3.09E-10,7.20E-10,-2.45E-09
240,ΝΕΟ ΠΕΤΡΙΤΣΙΟΝ,1.0003496,-0.0061480,6.87E-10,-1.10E-09,-5.82E-10,0.0061565,1.0003422,1.24E-10,-3.56E-10,1.51E-09
241,ΝΕΣΤΟΡΙΟΝ,0.9989900,-0.0342291,3.26E-09,-3.00E-09,-1.10E-10,0.0342327,0.9989949,2.22E-10,-1.43E-10,6.13E-09
242,ΝΗΣ. ΑΓΙΟΣ ΕΥΣΤΡΑΤΙΟΣ,1.0002905,0.0107685,1.92E-11,1.33E-09,-1.24E-09,-0.0107452,1.0003254,5.78E-10,-6.22E-11,-1.65E-09
243,ΝΗΣΟΣ ΑΝΑΦΗ,0.9999797,0.0204235,8.20E-09,5.89E-09,1.25E-08,-0.0202897,0.9998405,2.04E-09,1.86E-09,1.04E-09
244,ΝΗΣΟΣ ΑΤΟΚΟΣ,0.9989901,-0.0328309,2.99E-09,-3.06E-09,7.81E-10,0.0328266,0.9990071,-8.07E-11,-4.51E-10,5.83E-09
245,ΝΗΣΟΣ ΓΑΥΔΟΣ,1.0003968,-0.0003669,-1.30E-10,-2.41E-10,8.51E-10,0.0003716,1.0004113,-5.91E-10,9.01E-11,-8.93E-11
246,ΝΗΣΟΙ ΔΙΟΝΥΣΑΔΕΣ,0.9998331,0.0197941,-2.40E-09,2.17E-09,-4.82E-10,-0.0197804,0.9998311,-2.13E-11,-4.04E-10,-4.60E-09
247,ΝΗΣΟΣ ΘΑΣΟΣ,1.0003541,0.0053016,-3.90E-10,4.36E-10,-3.06E-10,-0.0052927,1.0003587,-2.11E-10,-4.70E-10,-1.39E-09
248,ΝΗΣΟΣ ΘΗΡΑ,1.0000996,0.0151408,-9.76E-10,1.58E-09,-5.17E-10,-0.0151466,1.0001041,5.15E-10,-6.04E-10,-2.58E-09
249,ΝΗΣΟΣ ΚΑΣΟΣ,0.9990733,0.0297954,-2.95E-09,3.24E-09,8.48E-10,-0.0297661,0.9990381,7.60E-10,1.29E-09,-7.19E-09
250,ΝΗΣΟΣ ΚΕΑ,1.0002534,0.0049336,-2.09E-09,2.42E-10,-3.09E-09,-0.0049698,1.0002559,8.09E-10,-2.56E-09,-1.62E-09
251,ΝΗΣΟΣ ΚΥΘΝΟΣ,1.0003635,0.0049263,-1.29E-10,5.70E-10,4.80E-11,-0.0049315,1.0003678,3.86E-10,-1.68E-10,-1.05E-09
252,ΝΗΣΟΙ ΛΕΒΙΘΑ,0.9994941,0.0257204,-3.12E-09,2.19E-09,1.12E-09,-0.0257182,0.9994422,5.00E-11,-9.86E-10,-4.66E-09
253,ΝΗΣΟΣ ΝΙΣΥΡΟΣ,0.9990201,0.0309451,-2.79E-09,3.11E-09,-4.38E-10,-0.0309370,0.9990373,2.38E-10,-2.85E-11,-6.83E-09
254,ΝΗΣΟΙ ΠΑΞΟΙ,0.9980854,-0.0443997,-3.17E-09,-9.53E-09,-1.34E-08,0.0444123,0.9978512,5.30E-09,2.52E-09,1.41E-08
255,ΝΗΣΟΣ ΠΑΤΜΟΣ,0.9994980,0.0260150,-4.68E-09,4.19E-09,-6.33E-10,-0.0260264,0.9994498,4.33E-11,1.02E-09,-6.98E-09
256,ΝΗΣΟΣ ΡΗΝΕΙΑ,1.0000715,0.0154964,-1.54E-09,1.60E-09,6.44E-11,-0.0154957,1.0000679,-7.90E-12,-3.31E-11,-3.12E-09
257,ΝΗΣΟΣ ΣΑΜΟΘΡΑΚΗ,1.0000611,0.0165472,-1.43E-09,1.31E-09,3.73E-10,-0.0165495,1.0000547,1.80E-10,2.82E-10,-2.83E-09
258,ΝΗΣΟΣ ΣΕΡΙΦΟΣ,1.0003635,0.0049263,-1.29E-10,5.70E-10,4.80E-11,-0.0049315,1.0003678,3.86E-10,-1.68E-10,-1.05E-09
259,ΝΗΣΟΣ ΣΙΦΝΟΣ,1.0003686,0.0048736,-6.39E-10,6.48E-10,-3.08E-10,-0.0048715,1.0003668,-3.20E-11,-1.98E-10,-1.02E-09
260,ΝΗΣΟΙ ΣΚΑΝΤΖΟΥΡΑ,1.0004295,-0.0003655,8.82E-10,7.70E-10,2.39E-09,0.0004008,1.0004444,2.21E-10,1.73E-09,1.42E-09
261,ΝΗΣΟΙ ΣΟΦΡΑΝΑ,0.9994590,0.0255017,-2.13E-09,2.88E-10,-2.66E-10,-0.0254448,0.9994293,-6.32E-10,1.61E-09,-4.13E-09
262,ΝΗΣΟΣ ΣΥΜΗ,0.9979828,0.0413683,-4.07E-09,4.57E-09,-1.57E-09,-0.0413533,0.9979932,5.69E-10,-5.20E-10,-8.13E-09
263,ΝΗΣΟΣ ΣΥΡΝΑ,0.9994590,0.0255017,-2.13E-09,2.88E-10,-2.66E-10,-0.0254448,0.9994293,-6.32E-10,1.61E-09,-4.13E-09
264,ΝΗΣΟΣ ΣΧΙΖΑ,0.9997264,-0.0212587,1.67E-09,-2.23E-09,1.92E-10,0.0212534,0.9997342,-1.73E-10,2.91E-10,4.34E-09
265,ΝΗΣΟΣ ΤΗΛΟΣ,0.9985227,0.0357302,-3.62E-09,3.65E-09,8.17E-11,-0.0357231,0.9985388,-2.03E-10,-5.27E-10,-8.30E-09
266,ΝΙΚΗΣΙΑΝΗ,1.0003766,-0.0004062,4.02E-11,1.10E-10,3.00E-10,0.0003990,1.0003892,2.00E-11,-4.20E-10,-7.03E-11
267,ΝΙΚΗΤΑΣ,1.0003435,-0.0060371,2.51E-10,-4.40E-10,1.63E-11,0.0060361,1.0003471,-5.32E-11,-1.08E-10,8.91E-10
268,ΝΤΕΒΙΝ,1.0003976,0.0054066,2.42E-09,-1.41E-10,6.63E-10,-0.0055382,1.0003480,-1.52E-09,1.06E-09,6.32E-09
269,ΝΤΟΣΠΑΤ,1.0003911,-0.0004003,-1.99E-11,-1.10E-10,7.99E-11,0.0004030,1.0003909,-1.50E-10,-1.60E-10,1.80E-10
270,ΝΥΜΦΑΙ,0.9979219,-0.0450092,4.36E-09,-4.12E-09,-6.22E-10,0.0450125,0.9979130,3.71E-10,-5.10E-10,8.25E-09
271,ΞΑΝΘΗ,1.0002391,0.0111128,-9.80E-10,8.11E-10,-7.45E-13,-0.0111077,1.0002447,1.52E-10,-9.99E-12,-1.89E-09
272,ΞΗΡΟΚΑΜΠΙΟΝ,1.0000093,-0.0160346,2.71E-09,-1.94E-09,5.15E-10,0.0160330,1.0000057,-1.20E-10,2.42E-10,4.20E-09
273,ΞΥΛΑΓΑΝΗ,1.0000515,0.0167138,-1.82E-09,1.18E-09,-6.84E-11,-0.0166890,1.0000650,3.82E-11,-4.28E-10,-3.46E-09
274,ΞΥΛΟΚΑΣΤΡΟΝ,1.0000090,-0.0166009,2.33E-09,-1.39E-09,4.50E-10,0.0165987,1.0000125,7.35E-10,-3.95E-11,4.00E-09
275,ΟΛΥΜΠΙΑ,0.9993998,-0.0270991,2.86E-09,-2.74E-09,2.41E-11,0.0270967,0.9993977,7.78E-14,-4.68E-11,5.63E-09
276,ΟΛΥΜΠΟΣ ΚΑΡΠΑΘΟΥ,0.9991043,0.0301949,-5.12E-09,3.57E-09,4.48E-10,-0.0302059,0.9990722,3.21E-10,4.45E-10,-7.85E-09
277,ΟΡΕΣΤΙΑΣ,0.9994563,0.0286548,-2.46E-09,2.26E-09,-2.97E-11,-0.0286605,0.9994490,4.97E-11,-2.74E-10,-4.86E-09
278,ΟΡΜΕΝΙΟΝ,0.9997625,0.0228518,-1.42E-09,2.28E-09,-7.41E-12,-0.0228518,0.9997772,2.61E-10,-2.60E-10,-3.86E-09
279,ΠΑΛΑΙΚΑΣΤΡΟΝ,0.9998331,0.0197941,-2.40E-09,2.17E-09,-4.82E-10,-0.0197804,0.9998311,-2.13E-11,-4.04E-10,-4.60E-09
280,ΠΑΛΑΙΟΧΩΡΑ,1.0003479,-0.0054300,9.40E-10,-7.00E-10,-6.54E-11,0.0054297,1.0003565,8.27E-11,-6.14E-11,1.39E-09
281,ΠΑΛΙΟΥΡΙΟΝ,1.0003435,-0.0060371,2.51E-10,-4.40E-10,1.63E-11,0.0060361,1.0003471,-5.32E-11,-1.08E-10,8.91E-10
282,ΠΑΝΑΓΙΑ ΑΓΙΑΣ,1.0002202,-0.0115810,8.77E-10,-1.16E-09,-5.85E-10,0.0115745,1.0002262,-2.23E-10,-1.03E-09,3.21E-09
283,ΠΑΝΑΓΙΑ,0.9994047,-0.0282954,3.10E-09,-2.78E-09,-3.94E-11,0.0283035,0.9994125,1.94E-10,4.49E-11,5.53E-09
284,ΠΑΠΑΔΑΤΑΙ,0.9989916,-0.0335201,3.30E-09,-3.19E-09,-2.46E-10,0.0335256,0.9989906,3.20E-10,-7.65E-11,6.23E-09
285,ΠΑΠΠΑΔΙΑΝΙΚΑ,1.0002104,-0.0108087,1.32E-09,-1.11E-09,-1.10E-10,0.0108050,1.0002052,1.12E-10,4.03E-11,2.57E-09
286,ΠΑΡΑΛΙΟΝ ΑΣΤΡΟΣ,1.0002440,-0.0109435,1.45E-09,-7.88E-10,-8.94E-10,0.0109348,1.0001926,-4.10E-10,1.49E-09,1.36E-09
287,ΠΑΡΑΝΕΣΤΙΟΝ,1.0003594,0.0053901,-1.05E-09,5.25E-10,-8.59E-10,-0.0053646,1.0003417,3.17E-10,1.61E-09,-2.01E-09
288,ΠΑΡΑΜΥΘΙΑ,0.9984952,-0.0390351,3.67E-09,-3.62E-09,-2.59E-10,0.0390323,0.9984937,2.22E-10,4.95E-11,7.38E-09
289,ΠΑΡΟΣ,1.0002666,0.0102163,-1.24E-09,1.23E-09,2.87E-11,-0.0102054,1.0002594,2.54E-10,-3.35E-11,-2.05E-09
290,ΠΑΡΓΑ,0.9984952,-0.0390351,3.67E-09,-3.62E-09,-2.59E-10,0.0390323,0.9984937,2.22E-10,4.95E-11,7.38E-09
291,ΠΑΤΡΑΙ,0.9994186,-0.0273918,1.81E-09,-2.55E-09,-4.87E-10,0.0274043,0.9993946,-4.12E-10,-2.18E-10,5.04E-09
292,ΠΕΛΑΣΓΙΑ,1.0002068,-0.0113042,1.47E-09,-1.17E-09,-7.40E-11,0.0113061,1.0001997,-2.29E-10,-3.28E-10,2.15E-09
293,ΠΕΝΤΑΛΟΦΟΣ,0.9989900,-0.0342291,3.26E-09,-3.00E-09,-1.10E-10,0.0342327,0.9989949,2.22E-10,-1.43E-10,6.13E-09
294,ΠΕΠΛΟΣ,0.9997851,0.0224041,-1.93E-09,1.92E-09,2.19E-10,-0.0224008,0.9997941,-1.38E-10,-9.18E-11,-3.98E-09
295,ΠΕΡΑΜΑ,1.0004068,0.0046527,-3.79E-09,6.89E-10,9.35E-10,-0.0046815,1.0004069,1.25E-09,-1.41E-09,-3.16E-09
296,ΠΕΡΑΧΩΡΑ,1.0003003,-0.0111781,1.04E-10,6.27E-10,2.39E-09,0.0111678,1.0003234,-6.44E-10,1.53E-09,-2.14E-09
297,ΠΕΡΙΒΟΛΙΑ,1.0003968,-0.0003669,-1.30E-10,-2.41E-10,8.51E-10,0.0003716,1.0004113,-5.91E-10,9.01E-11,-8.93E-11
298,ΠΕΤΑΣ,0.9989916,-0.0335201,3.30E-09,-3.19E-09,-2.46E-10,0.0335256,0.9989906,3.20E-10,-7.65E-11,6.23E-09
299,ΠΗΛΙΟΝ,1.0003467,-0.0058420,6.52E-10,-5.94E-10,-1.35E-11,0.0058464,1.0003513,-2.27E-10,4.98E-10,1.54E-09
300,ΠΙΣΩ ΜΕΡΙΑ,1.0002524,0.0103251,-1.16E-09,9.59E-10,-1.56E-10,-0.0103284,1.0002550,-3.63E-11,-7.17E-11,-2.11E-09
301,ΠΛΑΚΑ,1.0003711,-0.0003715,2.60E-10,-3.40E-10,-1.11E-09,0.0003766,1.0003784,1.50E-10,-5.21E-10,2.19E-10
302,ΠΛΑΤΑΝΙΣΤΟΣ,1.0003368,0.0050120,-5.30E-10,-7.38E-11,-7.91E-11,-0.0050292,1.0003121,7.72E-11,-6.75E-10,-8.83E-10
303,ΠΛΑΤΥ,1.0000350,-0.0175100,1.00E-09,-2.13E-09,-3.45E-10,0.0174542,1.0000405,8.94E-10,5.78E-10,3.75E-09
304,ΠΛΑΤΥΚΑΜΠΟΣ,1.0000336,-0.0171378,1.43E-09,-1.32E-09,-1.38E-10,0.0171415,1.0000257,-1.52E-10,2.44E-10,3.12E-09
305,ΠΛΩΜΑΡΙΟΝ,0.9994265,0.0271497,-3.11E-09,2.17E-09,-1.52E-09,-0.0271660,0.9994617,4.81E-10,-5.05E-10,-4.59E-09
306,ΠΟΛΙΧΝΙΤΟΣ,0.9998104,0.0216615,-2.01E-09,2.39E-09,-2.64E-10,-0.0216597,0.9998109,3.67E-11,-4.97E-12,-4.30E-09
307,ΠΟΛΥΓΥΡΟΣ,1.0003435,-0.0060371,2.51E-10,-4.40E-10,1.63E-11,0.0060361,1.0003471,-5.32E-11,-1.08E-10,8.91E-10
308,ΠΟΝΤΓΚΟΡΙ,0.9989939,-0.0345822,3.26E-09,-3.14E-09,-2.38E-10,0.0345590,0.9989983,6.87E-10,1.65E-11,5.90E-09
309,ΠΟΡΟΪΑ,1.0002218,-0.0119088,1.45E-09,-8.52E-10,-3.08E-10,0.0119073,1.0002274,2.20E-10,3.87E-10,1.93E-09
310,ΠΟΤΑΜΟΙ,1.0003911,-0.0004003,-1.99E-11,-1.10E-10,7.99E-11,0.0004030,1.0003909,-1.50E-10,-1.60E-10,1.80E-10
311,ΠΟΤΑΜΟΣ(Ν.ΤΜΗΜΑ),1.0001518,-0.0106865,1.00E-09,-1.16E-09,1.29E-09,0.0106837,1.0001551,1.80E-10,1.20E-09,2.78E-09
311,ΠΟΤΑΜΟΣ(Β.ΤΜΗΜΑ),1.0002104,-0.0108087,1.32E-09,-1.11E-09,-1.10E-10,0.0108050,1.0002052,1.12E-10,4.03E-11,2.57E-09
312,ΠΡΑΜΑΝΤΑ,0.9989885,-0.0338704,3.41E-09,-3.18E-09,-1.80E-10,0.0338788,0.9989872,-1.08E-11,-8.15E-11,6.59E-09
313,ΠΡΟΜΑΧΟΙ,0.9997866,-0.0234043,1.49E-09,-1.52E-09,3.93E-10,0.0234279,0.9998167,-8.18E-10,1.24E-09,4.24E-09
314,ΠΡΟΣΟΤΣΑΝΗ,1.0003911,-0.0004003,-1.99E-11,-1.10E-10,7.99E-11,0.0004030,1.0003909,-1.50E-10,-1.60E-10,1.80E-10
315,ΠΤΟΛΕΜΑΙΣ,0.9994128,-0.0288848,2.58E-09,-2.63E-09,-4.00E-10,0.0288825,0.9994154,-4.67E-11,-2.47E-11,5.15E-09
316,ΠΥΘΙΟΝ,0.9994480,0.0283769,-2.35E-09,2.48E-09,-1.57E-10,-0.0283796,0.9994483,4.93E-11,-2.33E-10,-5.02E-09
317,ΠΥΛΟΣ,0.9997264,-0.0212587,1.67E-09,-2.23E-09,1.92E-10,0.0212534,0.9997342,-1.73E-10,2.91E-10,4.34E-09
318,ΠΥΡΓΟΙ,0.9997654,-0.0231881,2.01E-09,-2.01E-09,6.65E-11,0.0231879,0.9997703,2.41E-11,9.59E-11,4.22E-09
319,ΠΥΡΓΟΣ,0.9993998,-0.0270991,2.86E-09,-2.74E-09,2.41E-11,0.0270967,0.9993977,7.78E-14,-4.68E-11,5.63E-09
320,ΠΩΓΩΝΙΑΝΗ,0.9984757,-0.0398541,3.49E-09,-3.47E-09,-7.37E-10,0.0398585,0.9984997,3.10E-10,2.50E-10,7.28E-09
321,ΡΑΠΤΟΠΟΥΛΟΝ,0.9994314,-0.0280198,2.70E-09,-2.70E-09,-4.87E-10,0.0280298,0.9994037,6.29E-10,4.09E-11,4.73E-09
322,ΡΑΦΗΝΑ,1.0003872,-0.0003100,-1.19E-09,9.70E-10,2.44E-09,0.0002952,1.0003807,-6.12E-10,1.57E-09,-2.48E-09
323,ΡΑΨΑΝΗ,1.0000336,-0.0171378,1.43E-09,-1.32E-09,-1.38E-10,0.0171415,1.0000257,-1.52E-10,2.44E-10,3.12E-09
324,ΡΕΘΥΜΝΟΝ,1.0004156,0.0046835,-8.01E-10,1.31E-09,-2.92E-09,-0.0046856,1.0004139,1.39E-09,-1.19E-09,-2.25E-09
325,ΡΕΙΧΕΑ,1.0002104,-0.0108087,1.32E-09,-1.11E-09,-1.10E-10,0.0108050,1.0002052,1.12E-10,4.03E-11,2.57E-09
326,ΡΙΖΙΑ,0.9994563,0.0286548,-2.46E-09,2.26E-09,-2.97E-11,-0.0286605,0.9994490,4.97E-11,-2.74E-10,-4.86E-09
327,ΡΟΔΟΛΙΒΟΣ,1.0003766,-0.0004062,4.02E-11,1.10E-10,3.00E-10,0.0003990,1.0003892,2.00E-11,-4.20E-10,-7.03E-11
328,ΡΟΔΟΣ,0.9979777,0.0408903,-4.48E-09,4.31E-09,3.51E-10,-0.0408900,0.9979718,3.13E-11,-1.64E-10,-8.73E-09
329,ΣΑΓΙΑΔΑ,0.9984907,-0.0394461,3.62E-09,-3.72E-09,-5.56E-10,0.0394432,0.9984886,2.29E-10,-2.13E-10,7.22E-09
330,ΣΑΜΟΣ,0.9990543,0.0316626,-3.24E-09,4.12E-09,-1.39E-09,-0.0316609,0.9990553,5.94E-10,9.71E-11,-6.96E-09
331,ΣΑΠΑΙ,1.0000418,0.0168703,-1.76E-09,1.34E-09,-4.49E-10,-0.0168781,1.0000529,1.94E-10,-1.65E-11,-3.18E-09
332,ΣΕΛΛΙΑ,1.0004101,0.0046722,-1.24E-09,8.48E-10,-3.01E-09,-0.0046887,1.0004075,1.39E-09,-1.86E-09,-3.12E-09
333,ΣΕΡΡΑΙ,1.0003496,-0.0061480,6.87E-10,-1.10E-09,-5.82E-10,0.0061565,1.0003422,1.24E-10,-3.56E-10,1.51E-09
334,ΣΗΤΕΙΑ,0.9998331,0.0197941,-2.40E-09,2.17E-09,-4.82E-10,-0.0197804,0.9998311,-2.13E-11,-4.04E-10,-4.60E-09
335,ΣΙΑΤΙΣΤΑ,0.9994199,-0.0285806,2.51E-09,-2.71E-09,-2.04E-10,0.0285905,0.9993995,-2.42E-10,4.66E-11,5.46E-09
336,ΣΙΔΗΡΟΚΑΣΤΡΟΝ,1.0003764,-0.0060955,2.96E-10,5.64E-13,3.02E-09,0.0061279,1.0003423,-1.10E-09,1.62E-10,1.44E-09
337,ΣΙΚΙΝΟΣ,1.0002587,0.0100937,-9.49E-10,7.36E-10,4.13E-10,-0.0100975,1.0002489,6.23E-10,1.10E-10,-2.29E-09
338,ΣΙΤΟΧΩΡΙΟΝ,1.0003442,-0.0060690,1.64E-10,-1.74E-09,2.20E-10,0.0060998,1.0003708,-4.02E-10,-1.50E-09,1.15E-09
339,ΣΚΙΑΘΟΣ,1.0003486,-0.0059027,5.04E-10,-4.54E-10,3.15E-10,0.0059068,1.0003487,-2.73E-10,2.13E-10,7.79E-10
340,ΣΚΟΠΕΛΟΣ,1.0003486,-0.0059027,5.04E-10,-4.54E-10,3.15E-10,0.0059068,1.0003487,-2.73E-10,2.13E-10,7.79E-10
341,ΣΚΡΑ,1.0000375,-0.0176733,9.89E-10,-1.77E-09,-1.17E-10,0.0176534,1.0000497,6.69E-11,3.90E-10,2.80E-09
342,ΣΚΥΡΟΣ,1.0003410,0.0050762,-5.74E-10,4.85E-10,5.87E-10,-0.0050814,1.0003412,-9.39E-11,1.94E-10,-6.47E-10
343,ΣΜΟΛΓΙΑΝ,1.0003976,0.0054066,2.42E-09,-1.41E-10,6.63E-10,-0.0055382,1.0003480,-1.52E-09,1.06E-09,6.32E-09
344,ΣΟΥΦΛΙΟΝ,0.9994480,0.0283769,-2.35E-09,2.48E-09,-1.57E-10,-0.0283796,0.9994483,4.93E-11,-2.33E-10,-5.02E-09
345,ΣΟΦΑΔΕΣ,0.9997704,-0.0224697,2.59E-09,-2.02E-09,-8.04E-10,0.0224817,0.9997655,4.34E-10,-9.32E-10,5.12E-09
346,ΣΟΦΙΚΟΝ,1.0001742,-0.0110622,2.15E-09,-7.07E-10,-1.07E-09,0.0110649,1.0001880,-4.15E-10,-1.90E-10,2.85E-09
347,ΣΟΧΟΣ,1.0003678,-0.0060961,1.10E-09,-9.07E-10,5.97E-10,0.0061026,1.0003446,-1.74E-10,3.15E-10,1.54E-09
348,ΣΠΑΡΤΗ,1.0000132,-0.0162134,1.95E-09,-1.72E-09,-5.59E-11,0.0162229,1.0000187,2.85E-11,1.05E-10,3.51E-09
349,ΣΠΕΡΧΕΙΑΣ,0.9997266,-0.0222154,2.79E-09,-2.38E-09,8.39E-10,0.0221981,0.9996842,2.85E-10,1.34E-09,5.13E-09
350,ΣΠΕΤΣΑΙ,1.0002274,-0.0109291,1.05E-09,-1.62E-09,4.47E-10,0.0109332,1.0002164,1.47E-10,5.69E-11,2.34E-09
351,ΣΠΕΤΣΟΠΟΥΛΑ,1.0002440,-0.0109435,1.45E-09,-7.88E-10,-8.94E-10,0.0109348,1.0001926,-4.10E-10,1.49E-09,1.36E-09
352,ΣΤΑΥΡΟΣ,1.0003241,-0.0060809,8.55E-11,-3.16E-10,-1.34E-09,0.0061205,1.0002935,-5.78E-10,-1.04E-09,2.02E-09
353,ΣΤΕΝΗ ΔΙΡΦΥΟΣ,1.0003494,-0.0003832,1.40E-10,5.03E-11,-3.00E-10,0.0003815,1.0003419,-9.99E-12,-3.10E-10,-9.04E-11
354,ΣΤΡΑΤΟΝΙΚΗ,1.0004909,-0.0004035,3.11E-09,-3.01E-09,-1.40E-09,0.0003142,1.0005360,-3.19E-10,1.29E-09,2.76E-09
355,ΣΤΥΛΙΣ,1.0000492,-0.0167508,8.60E-10,-1.70E-09,-1.22E-09,0.0167369,1.0000228,6.93E-10,-4.87E-10,2.84E-09
356,ΣΥΚΕΑ,1.0003782,-0.0004031,1.70E-10,-2.60E-10,-2.71E-10,0.0003897,1.0003900,-1.60E-10,-1.30E-10,2.70E-10
357,ΣΥΚΗ,1.0003486,-0.0059027,5.04E-10,-4.54E-10,3.15E-10,0.0059068,1.0003487,-2.73E-10,2.13E-10,7.79E-10
358,ΣΧΟΙΝΟΥΣΑ,1.0000686,0.0153174,-1.63E-09,1.56E-09,-1.16E-10,-0.0153199,1.0000778,1.29E-11,-3.22E-10,-3.12E-09
359,ΤΗΝΟΣ,1.0002524,0.0103251,-1.16E-09,9.59E-10,-1.56E-10,-0.0103284,1.0002550,-3.63E-11,-7.17E-11,-2.11E-09
360,ΤΡΙΚΑΛΑ,0.9997495,-0.0227073,1.34E-09,-1.67E-09,3.73E-10,0.0227093,0.9997382,-5.88E-11,8.02E-10,1.82E-09
361,ΤΡΙΠΟΛΗ,1.0000119,-0.0164269,1.32E-09,-2.70E-09,-5.70E-10,0.0164203,1.0000314,-3.91E-10,1.84E-11,4.70E-09
362,ΤΡΟΠΑΙΑ,0.9997463,-0.0217454,2.20E-09,-2.33E-09,1.64E-10,0.0217518,0.9997481,8.67E-11,2.60E-10,4.56E-09
363,ΤΣΕΠΕΛΟΒΟΝ,0.9989885,-0.0338704,3.41E-09,-3.18E-09,-1.80E-10,0.0338788,0.9989872,-1.08E-11,-8.15E-11,6.59E-09
364,ΤΥΜΠΑΚΙΟΝ,1.0002822,0.0096971,-9.19E-10,1.12E-09,-2.19E-10,-0.0096961,1.0002858,2.78E-11,1.20E-10,-1.95E-09
365,ΥΔΡΑ,1.0003401,-0.0056646,-7.28E-11,-8.47E-10,-4.68E-10,0.0056611,1.0003475,1.84E-11,-1.74E-10,1.55E-09
366,ΦΑΡΚΑΔΩΝ,0.9997802,-0.0227126,1.47E-09,-1.95E-09,-4.87E-10,0.0227151,0.9997725,8.45E-10,8.46E-11,3.10E-09
367,ΦΑΡΣΑΛΑ,1.0000335,-0.0169586,1.72E-09,-1.70E-09,-2.51E-12,0.0169570,1.0000277,-2.54E-10,1.94E-10,3.37E-09
368,ΦΕΡΑΙ,0.9997851,0.0224041,-1.93E-09,1.92E-09,2.19E-10,-0.0224008,0.9997941,-1.38E-10,-9.18E-11,-3.98E-09
369,ΦΙΛΙΑΤΑΙ,0.9984907,-0.0394461,3.62E-09,-3.72E-09,-5.56E-10,0.0394432,0.9984886,2.29E-10,-2.13E-10,7.22E-09
370,ΦΙΛΙΑΤΡΑ,0.9994236,-0.0267920,1.93E-09,-2.85E-09,-1.98E-11,0.0267924,0.9993975,-3.05E-10,-2.10E-10,5.36E-09
371,ΦΙΛΟΤΙΟΝ,1.0000715,0.0154964,-1.54E-09,1.60E-09,6.44E-11,-0.0154957,1.0000679,-7.90E-12,-3.31E-11,-3.12E-09
372,ΦΛΩΡΙΝΑ,0.9994128,-0.0288848,2.58E-09,-2.63E-09,-4.00E-10,0.0288825,0.9994154,-4.67E-11,-2.47E-11,5.15E-09
373,ΦΟΛΕΓΑΔΡΟΣ,1.0002587,0.0100937,-9.49E-10,7.36E-10,4.13E-10,-0.0100975,1.0002489,6.23E-10,1.10E-10,-2.29E-09
374,ΦΟΥΡΝΑ,0.9998061,-0.0224684,4.38E-09,-1.94E-09,2.15E-10,0.0225229,0.9997693,-1.90E-10,4.75E-10,6.31E-09
375,ΦΟΥΡΝΟΙ,0.9994079,0.0263371,-1.04E-09,2.14E-09,-1.40E-10,-0.0263079,0.9994155,-3.09E-10,7.20E-10,-2.45E-09
376,ΦΡΑΓΚΙΣΤΑ,0.9993981,-0.0276352,3.02E-09,-4.33E-09,3.88E-11,0.0276970,0.9993728,-2.71E-10,3.45E-10,5.99E-09
377,ΧΑΛΑΝΔΡΙΤΣΑ,0.9997651,-0.0219912,2.00E-09,-1.77E-09,6.77E-10,0.0220084,0.9997732,-5.67E-10,4.13E-10,4.53E-09
378,ΧΑΛΚΗ,0.9985227,0.0357302,-3.62E-09,3.65E-09,8.17E-11,-0.0357231,0.9985388,-2.03E-10,-5.27E-10,-8.30E-09
379,ΧΑΛΚΙΣ,1.0003268,-0.0057841,-9.79E-11,-4.43E-10,2.22E-10,0.0057907,1.0003234,-1.46E-10,2.93E-10,7.67E-10
380,ΧΑΝΙΑ,1.0003968,-0.0003669,-1.30E-10,-2.41E-10,8.51E-10,0.0003716,1.0004113,-5.91E-10,9.01E-11,-8.93E-11
381,ΧΕΡΣΟΝ,1.0002218,-0.0119088,1.45E-09,-8.52E-10,-3.08E-10,0.0119073,1.0002274,2.20E-10,3.87E-10,1.93E-09
382,ΧΙΟΣ-ΒΡΟΝΤΑΔΟΣ,0.9997948,0.0214294,-1.90E-09,1.92E-09,-5.83E-10,-0.0214184,0.9997827,1.69E-10,-5.00E-10,-3.65E-09
383,ΧΙΟΣ-ΘΥΜΙΑΝΑ,0.9998097,0.0212059,-1.95E-09,2.13E-09,-2.08E-10,-0.0212070,0.9998084,1.76E-10,1.98E-11,-4.01E-09
384,ΧΡΥΣΟΥΠΟΛΙΣ,1.0003541,0.0053016,-3.90E-10,4.36E-10,-3.06E-10,-0.0052927,1.0003587,-2.11E-10,-4.70E-10,-1.39E-09
385,ΨΑΡΑ,0.9997060,0.0212655,-1.40E-09,5.23E-09,-7.60E-09,-0.0213021,0.9997664,8.71E-10,-2.54E-09,-3.11E-09
386,ΨΑΧΝΑ,1.0003467,-0.0058420,6.52E-10,-5.94E-10,-1.35E-11,0.0058464,1.0003513,-2.27E-10,4.98E-10,1.54E-09
387,ΝΗΣΟΣ ΜΕΓΙΣΤΗ(ΚΑΣΤΕΛΛΟΡΙΖΟ),0.9995079,0.0254716,-2.69E-09,3.23E-09,6.68E-11,-0.0254592,0.9994836,9.05E-11,4.25E-10,-5.20E-09